sku,name,cat,cost,old_web,new_v3_300,diff_pct,margin_old,margin_new,tier,note
BG004,"กระเป๋าผ้า รุ่น Stripe",กระเป๋า,35.5,79,78,-1.3,49.1,48.5,"20–50฿ 2.5×",""
BG005,"กระเป๋าผ้า รุ่น Fold",กระเป๋า,48,107,106,-0.9,49.1,48.7,"20–50฿ 2.5×",""
BG006,"กระเป๋าผ้า รุ่น Essential",กระเป๋า,73,135,119,-11.9,39.9,32.7,"50–300฿ 1.75×",""
BG009,"กระเป๋ากันน้ำ รุ่น Bucket",กระเป๋า,80.5,125,131,4.8,29.6,32.5,"50–300฿ 1.75×",""
BG010,"กระเป๋ากันน้ำ รุ่น Cross body",กระเป๋า,89.5,140,146,4.3,30.1,32.7,"50–300฿ 1.75×",""
BG011,"กระเป๋าพับได้ รุ่น Uno",กระเป๋า,21,35,46,31.4,34,48.3,"20–50฿ 2.5×",""
BG012,"กระเป๋าพับได้ รุ่น Snap",กระเป๋า,13,30,46,53.3,50.7,65.7,"ต่ำกว่า 20฿ 4×",""
BG013,"กระเป๋าพับได้ รุ่น Pico",กระเป๋า,14.5,32,51,59.4,48.7,65.6,"ต่ำกว่า 20฿ 4×",""
BG014,"กระเป๋าพับได้ รุ่น Viva",กระเป๋า,24.5,37,54,45.9,27.8,48.6,"20–50฿ 2.5×",""
BG015,"กระเป๋าพับได้ รุ่น Noma",กระเป๋า,24,54,53,-1.9,49.6,48.7,"20–50฿ 2.5×",""
BG016,"กระเป๋าพับได้ รุ่น Noma Edition",กระเป๋า,26,59,57,-3.4,49.9,48.4,"20–50฿ 2.5×",""
BG017,"กระเป๋า รุ่น Urban",กระเป๋า,162,253,264,4.3,30,32.6,"50–300฿ 1.75×",""
BG018,"กระเป๋าผ้าหูรูด รุ่น Drawstring",กระเป๋า,19.5,49,69,40.8,54.2,65.7,"ต่ำกว่า 20฿ 4×",""
BG019,"กระเป๋าผ้าสักหลาด รุ่น Felt Bag",กระเป๋า,20.2,80,44,-45,68.8,48.1,"20–50฿ 2.5×",""
BG020,"กระเป๋า Puffy รุ่น Cloud",กระเป๋า,78,99,127,28.3,15.2,32.6,"50–300฿ 1.75×",""
BG021,"กระเป๋า Puffy รุ่น Vera",กระเป๋า,57.5,290,94,-67.6,74.2,32.8,"50–300฿ 1.75×",""
BG022,"กระเป๋า รุ่น Ivy",กระเป๋า,185,483,301,-37.7,55.7,32.5,"50–300฿ 1.75×",""
BG023,"กระเป๋า รุ่น Drift",กระเป๋า,310,110,466,323.6,-187.8,27.5,"300–500฿ 1.6×",""
BG024,"กระเป๋า รุ่น Airzip",กระเป๋า,125,110,203,84.5,-19.6,32.4,"50–300฿ 1.75×",""
BG025,"กระเป๋ารุ่น Power",กระเป๋า,220,110,358,225.5,-106,32.5,"50–300฿ 1.75×",""
BG026,"กระเป๋าผ้ากระสอบ Light",กระเป๋า,23.45990433,110,52,-52.7,72.7,48.9,"20–50฿ 2.5×",""
BG028,"กระเป๋า รุ่น Axis",กระเป๋า,205,110,334,203.6,-92.4,32.6,"50–300฿ 1.75×",""
BG029,"กระเป๋า รุ่น Vector",กระเป๋า,275,110,448,307.3,-156,32.6,"50–300฿ 1.75×",""
BG030,"กระเป๋า รุ่น Neo",กระเป๋า,410,110,617,460.9,-278.7,27.5,"300–500฿ 1.6×",""
BG033,"กระเป๋าเครื่องสำอาง รุ่น Zuno",กระเป๋า,152,110,247,124.5,-44.2,32.5,"50–300฿ 1.75×",""
BG034,"กระเป๋าพับได้ รุ่น Luma",กระเป๋า,25.75,110,57,-48.2,70.6,48.8,"20–50฿ 2.5×",""
BG035,"กระเป๋าพับได้ รุ่น Horey",กระเป๋า,50,110,81,-26.4,48.5,32.3,"50–300฿ 1.75×",""
BG036,"กระเป๋าพับได้ รุ่น Longee",กระเป๋า,67.5,110,110,0,32.6,32.6,"50–300฿ 1.75×",""
BG037,"กระเป๋า รุ่น Shu",กระเป๋า,75,110,122,10.9,25.8,32.5,"50–300฿ 1.75×",""
BG038,"กระเป๋าเครื่องสำอาง รุ่น Honey",กระเป๋า,46,110,101,-8.2,52.2,48.5,"20–50฿ 2.5×",""
BG039,"กระเป๋าเครื่องสำอาง รุ่น Charm",กระเป๋า,70,110,114,3.6,30.4,32.6,"50–300฿ 1.75×",""
BG040,"กระเป๋าเครื่องสำอาง รุ่น Glow",กระเป๋า,47.5,110,105,-4.5,50.8,48.8,"20–50฿ 2.5×",""
BG041,"กระเป๋าผ้า รุ่น Flora",กระเป๋า,85.5,110,139,26.4,16.3,32.5,"50–300฿ 1.75×",""
BG044,"ถุงเก็บความเย็น รุ่น Fresh Keep",กระเป๋า,5.25,110,18,-83.6,89.2,64.8,"ต่ำกว่า 20฿ 4×",""
BG045,"กระเป๋าเก็บความเย็น รุ่น Chill Keep",กระเป๋า,26.5,110,58,-47.3,69.9,48.3,"20–50฿ 2.5×",""
BG047,"กระเป๋าเครื่องสำอาง รุุ่่น ฺ Bunny",กระเป๋า,111.153,110,181,64.5,-7,32.6,"50–300฿ 1.75×",""
BG048,"กระเป๋าเครื่องสำอาง รุ่น Berry",กระเป๋า,111.153,110,181,64.5,-7,32.6,"50–300฿ 1.75×",""
BG050,"กระเป๋าผ้า รุ่น Loom",กระเป๋า,113,110,184,67.3,-8.7,32.6,"50–300฿ 1.75×",""
BG051,"กระเป๋าผ้า รุ่น Petal",กระเป๋า,78,110,127,15.5,23.1,32.6,"50–300฿ 1.75×",""
BG052,"กระเป๋าผ้า รุ่น Meadow",กระเป๋า,47.00000000000001,110,103,-6.4,51.3,48.4,"20–50฿ 2.5×",""
LG001,"กระเป๋าเดินทาง รุ่น Lumo",กระเป๋าเดินทาง,845,310,1148,270.3,-178.6,20.4,"800–1,000฿ 1.4×",""
SC007,"แผ่นน้ำหอมปรับอาากาศ รุ่น Fresher",กลิ่น & สมุนไพร,14,40,49,22.5,59,65.4,"ต่ำกว่า 20฿ 4×",""
GS001,"เซตของขวัญ Business รุ่น Basic",กิฟต์เซ็ต,120.5,190,196,3.2,30.6,32.5,"50–300฿ 1.75×",""
GS002,"เซตของขวัญ Business รุ่น Smart",กิฟต์เซ็ต,227,350,369,5.4,29.1,32.5,"50–300฿ 1.75×",""
GS003,"เซตของขวัญ Business รุ่น Executive",กิฟต์เซ็ต,257,420,418,-0.5,32.8,32.5,"50–300฿ 1.75×",""
GS004,"เซตของขวัญ Aroma รุ่น Bouquet",กิฟต์เซ็ต,176,230,286,24.3,17.5,32.5,"50–300฿ 1.75×",""
GS005,"เซตของขวัญ Living รุ่น Grain 6 pack",กิฟต์เซ็ต,90.5,230,147,-36.1,54.7,32.4,"50–300฿ 1.75×",""
GS006,"เซตของขวัญ Drinkware รุ่น Stainless",กิฟต์เซ็ต,176,230,286,24.3,17.5,32.5,"50–300฿ 1.75×",""
GS008,"เซตของขวัญ Aroma รุ่น Bouquet",กิฟต์เซ็ต,176,230,286,24.3,17.5,32.5,"50–300฿ 1.75×",""
GS009,"เซตของขวัญ Aroma รุ่น Bouquet Plus",กิฟต์เซ็ต,176,230,286,24.3,17.5,32.5,"50–300฿ 1.75×",""
GS010,"เซตเทียนหอม รุ่น Finley",กิฟต์เซ็ต,242.5,230,395,71.7,-11.4,32.6,"50–300฿ 1.75×",""
GD001,"รีโมทพรีเซนต์ รุ่น Curvy",แกดเจ็ต,110,390,179,-54.1,65.8,32.5,"50–300฿ 1.75×",""
GD004,"เครื่องชั่งน้ำหนักแบบพกพา รุ่น Zen",แกดเจ็ต,43.39687,390,95,-75.6,82.9,48.3,"20–50฿ 2.5×",""
GD005,"ปลั๊กอเนกประสงค์  รุ่น Cube",แกดเจ็ต,195,390,317,-18.7,44,32.5,"50–300฿ 1.75×",""
GD006,"ปลั๊กอเนกประสงค์  รุ่น Much",แกดเจ็ต,47,390,103,-73.6,81.9,48.4,"20–50฿ 2.5×",""
GD007,"ปลั๊กอเนกประสงค์  รุ่น Much",แกดเจ็ต,145,390,236,-39.5,56.8,32.6,"50–300฿ 1.75×",""
DW001,"กระบอกน้ำสแตนเลส รุ่น Loopa",แก้ว & กระบอกน้ำ,108,170,176,3.5,30.5,32.6,"50–300฿ 1.75×",""
DW002,"แก้วน้ำสแตนเลส  รุ่น Brewy",แก้ว & กระบอกน้ำ,98,155,159,2.6,30.8,32.4,"50–300฿ 1.75×",""
DW003,"แก้วน้ำสแตนเลส  รุ่น Peak",แก้ว & กระบอกน้ำ,88,135,143,5.9,28.8,32.5,"50–300฿ 1.75×",""
DW004,"แก้วน้ำสแตนเลส  รุ่น Cupsy",แก้ว & กระบอกน้ำ,65.5,117,107,-8.5,38,32.8,"50–300฿ 1.75×",""
DW005,"แก้วน้ำสแตนเลส  รุ่น Sip",แก้ว & กระบอกน้ำ,65,126,106,-15.9,42.4,32.7,"50–300฿ 1.75×",""
DW006,"แก้วน้ำสแตนเลส รุ่น Milo",แก้ว & กระบอกน้ำ,90.5,140,147,5,29.4,32.4,"50–300฿ 1.75×",""
DW007,"กระบอกน้ำสแตนเลส รุ่น Chill",แก้ว & กระบอกน้ำ,113,175,184,5.1,29.4,32.6,"50–300฿ 1.75×",""
DW008,"แก้วน้ำสแตนเลส รุ่น Flow",แก้ว & กระบอกน้ำ,75.5,135,123,-8.9,38.1,32.6,"50–300฿ 1.75×",""
DW009,"กระบอกน้ำสแตนเลส รุ่น Trekka",แก้ว & กระบอกน้ำ,85.5,155,139,-10.3,38.8,32.5,"50–300฿ 1.75×",""
DW010,"แก้วน้ำสแตนเลส รุ่น Roam",แก้ว & กระบอกน้ำ,128,200,208,4,30,32.5,"50–300฿ 1.75×",""
DW012,"กระบอกน้ำสแตนเลส รุ่น Degree",แก้ว & กระบอกน้ำ,77,175,125,-28.6,50,32.4,"50–300฿ 1.75×",""
DW013,"กระบอกน้ำสแตน รุ่น Cord",แก้ว & กระบอกน้ำ,75.45,175,123,-29.7,50.9,32.7,"50–300฿ 1.75×",""
DW015,"กระบอกน้ำสแตนเลส รุ่น Ring",แก้ว & กระบอกน้ำ,93,175,151,-13.7,40.9,32.4,"50–300฿ 1.75×",""
DW016,"แก้วน้ำสแตนเลส รุ่น Jewel",แก้ว & กระบอกน้ำ,205.5,180,334,85.6,-20.2,32.5,"50–300฿ 1.75×",""
DW017,"แก้วเชค รุ่น Shaky",แก้ว & กระบอกน้ำ,49.5,100,109,9,44.5,48.6,"20–50฿ 2.5×",""
DW018,"กระบอกน้ำสแตนเลส รุ่น Steel",แก้ว & กระบอกน้ำ,140,175,228,30.3,14,32.6,"50–300฿ 1.75×",""
DW019,"แก้วน้ำสแตนเลส รุ่น Swift",แก้ว & กระบอกน้ำ,50.5,180,82,-54.4,65.9,32.4,"50–300฿ 1.75×",""
DW020,"แก้วน้ำ รุ่่น Aura",แก้ว & กระบอกน้ำ,113.90625,160,185,15.6,22.8,32.4,"50–300฿ 1.75×",""
DW021,"กระบอกน้ำสแตนเลส รุ่น Noon",แก้ว & กระบอกน้ำ,85.5,175,139,-20.6,45.1,32.5,"50–300฿ 1.75×",""
DW022,"กระบอกน้ำสแตนเลส รุ่น Sento",แก้ว & กระบอกน้ำ,85.5,175,139,-20.6,45.1,32.5,"50–300฿ 1.75×",""
DW023,"กระบอกน้ำสแตนเลส รุ่น SORA",แก้ว & กระบอกน้ำ,135,175,220,25.7,16.9,32.6,"50–300฿ 1.75×",""
DW024,"แก้วน้ำสแตนเลส รุ่น Brewy mate",แก้ว & กระบอกน้ำ,75,180,122,-32.2,52.3,32.5,"50–300฿ 1.75×",""
DW025,"แก้วเชค รุ่น Booster",แก้ว & กระบอกน้ำ,31.5,160,69,-56.9,74.3,48.3,"20–50฿ 2.5×",""
DW026,"กระบอกน้ำพลาสติก รุ่น Clear",แก้ว & กระบอกน้ำ,27.999999999999996,160,62,-61.3,76.5,48.8,"20–50฿ 2.5×",""
DW027,"กระบอกน้ำพลาสติก รุ่น",แก้ว & กระบอกน้ำ,21.5,160,47,-70.6,80.6,48.3,"20–50฿ 2.5×",""
DW028,"แก้วเซรามิก รุ่น",แก้ว & กระบอกน้ำ,32.75,95,72,-24.2,59.5,48.5,"20–50฿ 2.5×",""
DW029,"แก้วน้ำพลาสติก รุ่น Daily",แก้ว & กระบอกน้ำ,7.5,100,26,-74,86.5,65.2,"ต่ำกว่า 20฿ 4×",""
SV001,"Magnetic Snaps",ของชำร่วย,54,90,88,-2.2,34,32.6,"50–300฿ 1.75×",""
SV002,"Figure รุ่น Create",ของชำร่วย,107.03198,90,174,93.3,-24.9,32.5,"50–300฿ 1.75×",""
SV003,"Figure รุ่น Craft",ของชำร่วย,150,90,244,171.1,-72.7,32.5,"50–300฿ 1.75×",""
SV004,"ตุ๊กตา รุ่น Tiny",ของชำร่วย,150,90,244,171.1,-72.7,32.5,"50–300฿ 1.75×",""
SV005,"ตุ๊กตาหมี รุ่น Teddy",ของชำร่วย,58.5,90,95,5.6,29,32.4,"50–300฿ 1.75×",""
SV006,"ตุ๊กตาหมี รุ่น  Hoppy",ของชำร่วย,102.5,90,167,85.6,-19.9,32.6,"50–300฿ 1.75×",""
SV007,"พวงกุญแจอะคริลิค รุ่น Twin Glow",ของชำร่วย,9.5,90,33,-63.3,83.4,65.2,"ต่ำกว่า 20฿ 4×",""
KC001,"กล่องอาหารพลาสติก รุ่น Fresh",ครัว & กล่องอาหาร,18,39,63,61.5,47.8,65.4,"ต่ำกว่า 20฿ 4×",""
KC002,"ถ้วยสลัด รุ่น Crisp",ครัว & กล่องอาหาร,29.5,120,65,-45.8,69.4,48.6,"20–50฿ 2.5×",""
ST001,"ปากกา รุ่น oxygen",เครื่องเขียน,7.4,16,26,62.5,47.8,65.5,"ต่ำกว่า 20฿ 4×",""
ST002,"ปากกา รุ่น eco",เครื่องเขียน,7.2,15,25,66.7,46,65.2,"ต่ำกว่า 20฿ 4×",""
ST003,"ปากกา รุ่น Luxe",เครื่องเขียน,7.65,18,27,50,51.5,65.7,"ต่ำกว่า 20฿ 4×",""
ST004,"ปากกา รุ่น Mira",เครื่องเขียน,10.25,22,36,63.6,47.4,65.5,"ต่ำกว่า 20฿ 4×",""
ST005,"ปากกา รุ่น Tekt",เครื่องเขียน,12.9,28,45,60.7,47.9,65.3,"ต่ำกว่า 20฿ 4×",""
ST006,"สมุดบันทึก รุ่น Idea",เครื่องเขียน,53.3,95,87,-8.4,37.9,32.7,"50–300฿ 1.75×",""
ST007,"สมุดบันทึก รุ่น Folio",เครื่องเขียน,58.849999999999994,105,96,-8.6,38,32.7,"50–300฿ 1.75×",""
ST008,"สมุดบันทึก รุ่น Muse",เครื่องเขียน,74,135,120,-11.1,39.2,32.3,"50–300฿ 1.75×",""
ST009,"Sticky Note รุ่น Cube",เครื่องเขียน,60.5,99,98,-1,32.9,32.3,"50–300฿ 1.75×",""
ST010,"Sticky Note รุ่น Memo",เครื่องเขียน,23,49,51,4.1,47.1,48.9,"20–50฿ 2.5×",""
ST011,"สมุดบันทึก รุ่น Moon",เครื่องเขียน,74,45,120,166.7,-70.4,32.3,"50–300฿ 1.75×",""
ST012,"สมุด รุ่น Bloom",เครื่องเขียน,94,45,153,240,-114.9,32.6,"50–300฿ 1.75×",""
ST013,"สมุด รุ่น Tone",เครื่องเขียน,32.5,45,72,60,21.8,48.9,"20–50฿ 2.5×",""
ST014,"ปากกา รุ่น Scope",เครื่องเขียน,9.5,45,33,-26.7,72.9,65.2,"ต่ำกว่า 20฿ 4×",""
ST015,"ปากกา รุ่น Writey",เครื่องเขียน,8.25,45,29,-35.6,75.7,65.6,"ต่ำกว่า 20฿ 4×",""
ST016,"ปากกา รุ่น Touch",เครื่องเขียน,7.95,45,28,-37.8,76.3,65.6,"ต่ำกว่า 20฿ 4×",""
ST017,"ปากกา รุ่น liner",เครื่องเขียน,7,45,25,-44.4,78.4,66,"ต่ำกว่า 20฿ 4×",""
ST018,"ปากกา รุ่น Bamboo",เครื่องเขียน,12.5,45,44,-2.2,66.2,65.6,"ต่ำกว่า 20฿ 4×",""
ST019,"แฟ้มหนัง รุ่น Soft",เครื่องเขียน,23.125,45,51,13.3,42.6,48.7,"20–50฿ 2.5×",""
ST020,"แฟ้มหนัง รุ่น Skin",เครื่องเขียน,23.125,45,51,13.3,42.6,48.7,"20–50฿ 2.5×",""
ST021,"แฟ้ม รุ่น Felt",เครื่องเขียน,15.1,45,53,17.8,60.4,65.5,"ต่ำกว่า 20฿ 4×",""
ST022,"แฟ้ม รุ่น Zippy",เครื่องเขียน,8.5,45,30,-33.3,75.1,65.7,"ต่ำกว่า 20฿ 4×",""
ST023,"แฟ้ม รุ่น Pock",เครื่องเขียน,87.5,45,142,215.6,-100.4,32.4,"50–300฿ 1.75×",""
BK001,"แก้วหัดดื่มเด็ก รุ่น Milk",เด็ก & เบบี๋,42.5,330,94,-71.5,81.1,48.8,"20–50฿ 2.5×",""
BK002,"แก้วหัดดื่มเด็ก รุ่น Munch",เด็ก & เบบี๋,44.5,330,98,-70.3,80.5,48.6,"20–50฿ 2.5×",""
BK003,"ผ้ากันเปื้อนเด็ก รุ่น Bibsy",เด็ก & เบบี๋,29.5,65,65,0,48.6,48.6,"20–50฿ 2.5×",""
BK004,"จานซิลิโคนเด็ก รุ่น Yum",เด็ก & เบบี๋,38.5,330,85,-74.2,82.3,48.7,"20–50฿ 2.5×",""
BK005,"กระบอกน้ำสแตนเลสเด็ก รุ่น Go",เด็ก & เบบี๋,112.5,175,183,4.6,29.7,32.5,"50–300฿ 1.75×",""
PK001,"ถุงสปันบอนด์ A",บรรจุภัณฑ์,4.75,70,17,-75.7,87.2,66.1,"ต่ำกว่า 20฿ 4×",""
PK002,"ถุงสปันบอนด์ B",บรรจุภัณฑ์,4.75,70,17,-75.7,87.2,66.1,"ต่ำกว่า 20฿ 4×",""
PK003,"ถุงสปันบอนด์ C",บรรจุภัณฑ์,5.65,70,20,-71.4,85.9,65.8,"ต่ำกว่า 20฿ 4×",""
PK004,"ถุงสปันบอนด์ D",บรรจุภัณฑ์,5.65,70,20,-71.4,85.9,65.8,"ต่ำกว่า 20฿ 4×",""
FN001,"พัดลมพกพา รุ่น Mini",พัดลมพกพา,27.705,70,61,-12.9,54.4,48.6,"20–50฿ 2.5×",""
FN002,"พัดลมพกพา รุ่น Beezy",พัดลมพกพา,46.25,103,102,-1,49.1,48.7,"20–50฿ 2.5×",""
FN003,"พัดลมพกพา รุ่น Neko",พัดลมพกพา,48,107,106,-0.9,49.1,48.7,"20–50฿ 2.5×",""
FN004,"พัดลมพกพา รุ่น Kuma",พัดลมพกพา,57.5,107,94,-12.1,40.3,32.8,"50–300฿ 1.75×",""
FN005,"พัดลมพกพา รุ่น Poco",พัดลมพกพา,38,85,84,-1.2,49.3,48.8,"20–50฿ 2.5×",""
FN006,"พัดลมพกพา รุ่น Mino",พัดลมพกพา,40.5,90,89,-1.1,49,48.5,"20–50฿ 2.5×",""
FN007,"พัดลมพกพา รุ่น Sola",พัดลมพกพา,42,94,92,-2.1,49.3,48.3,"20–50฿ 2.5×",""
FN008,"พัดลมพกพา รุ่น Haru",พัดลมพกพา,43,96,95,-1,49.2,48.7,"20–50฿ 2.5×",""
FN009,"พัดลมพกพา รุ่น Airo",พัดลมพกพา,48,107,106,-0.9,49.1,48.7,"20–50฿ 2.5×",""
FN010,"พัดลมพกพา รุ่น Nero",พัดลมพกพา,57,102,93,-8.8,38.1,32.7,"50–300฿ 1.75×",""
FN011,"พัดลมพกพา รุ่น Kiri",พัดลมพกพา,53,110,86,-21.8,45.8,32.4,"50–300฿ 1.75×",""
FN012,"พัดลมพกพา รุ่น Glacier",พัดลมพกพา,118,120,192,60,-4.3,32.5,"50–300฿ 1.75×",""
FN013,"พัดลมพกพา รุ่น Glacier Pro",พัดลมพกพา,148,120,241,100.8,-29.3,32.6,"50–300฿ 1.75×",""
FN014,"พัดลมพกพา รุ่น Airy",พัดลมพกพา,79.125,120,129,7.5,28.1,32.7,"50–300฿ 1.75×",""
FN015,"พัดลมพกพา รุ่น Joint",พัดลมพกพา,87.5,120,142,18.3,21.1,32.4,"50–300฿ 1.75×",""
FN016,"พัดลมพกพา รุ่น Ever",พัดลมพกพา,115,120,187,55.8,-1.8,32.5,"50–300฿ 1.75×",""
FN017,"พัดลมพกพา รุ่น Stage",พัดลมพกพา,115,120,187,55.8,-1.8,32.5,"50–300฿ 1.75×",""
FN018,"พัดลมพกพา รุ่น K801",พัดลมพกพา,145,120,236,96.7,-26.8,32.6,"50–300฿ 1.75×",""
FN019,"พัดสปริง รุ่น",พัดลมพกพา,16,120,56,-53.3,80.7,65.4,"ต่ำกว่า 20฿ 4×",""
UM001,"ร่ม Automatic รุ่น Lite",ร่ม,67.5,120,110,-8.3,37.8,32.6,"50–300฿ 1.75×",""
UM002,"ร่ม Automatic รุ่น Premium",ร่ม,87.5,160,142,-11.3,39.3,32.4,"50–300฿ 1.75×",""
UM003,"ร่ม Automatic รุ่น Elite",ร่ม,112.5,190,183,-3.7,34.8,32.5,"50–300฿ 1.75×",""
UM004,"ร่ม Automatic รุ่น Signature",ร่ม,147.5,230,240,4.3,29.9,32.5,"50–300฿ 1.75×",""
UM005,"ร่ม Automatic รุ่น Luxury",ร่ม,164.5,260,268,3.1,30.7,32.6,"50–300฿ 1.75×",""
UM008,"ร่มยาว AUTOMATIC รุ่น Hugie",ร่ม,87.5,190,142,-25.3,47.9,32.4,"50–300฿ 1.75×",""
UM009,"ร่ม Automatic รุ่น Go",ร่ม,87.5,190,142,-25.3,47.9,32.4,"50–300฿ 1.75×",""
UM010,"ร่ม Automatic รุ่น Baggy",ร่ม,79,190,129,-32.1,52.4,32.8,"50–300฿ 1.75×",""
UM011,"ร่ม Automatic รุ่น Capsule",ร่ม,71.5,190,116,-38.9,56.4,32.4,"50–300฿ 1.75×",""
LS001,"Card Holder รุ่น Wave",ไลฟ์สไตล์,18,39,63,61.5,47.8,65.4,"ต่ำกว่า 20฿ 4×",""
LS002,"Card Holder รุ่น Slim",ไลฟ์สไตล์,17.5,39,62,59,49.1,65.8,"ต่ำกว่า 20฿ 4×",""
LS003,"Card Holder รุ่น Mini",ไลฟ์สไตล์,17,38,60,57.9,49.3,65.7,"ต่ำกว่า 20฿ 4×",""
LS004,"Card Holder รุ่น Vario",ไลฟ์สไตล์,18,45,63,40,54,65.4,"ต่ำกว่า 20฿ 4×",""
LS005,"Card Holder รุ่น Pullo",ไลฟ์สไตล์,27,60,59,-1.7,49,48.2,"20–50฿ 2.5×",""
LS006,"Luggage Tag รุ่น Lugo",ไลฟ์สไตล์,16,36,56,55.6,49.6,65.4,"ต่ำกว่า 20฿ 4×",""
LS007,"Luggage Tag รุ่น Lugo Cover",ไลฟ์สไตล์,16,38,56,47.4,51.9,65.4,"ต่ำกว่า 20฿ 4×",""
LS008,"Luggage Tag รุ่น Aero",ไลฟ์สไตล์,14,32,49,53.1,50.2,65.4,"ต่ำกว่า 20฿ 4×",""
LS009,"Key Cover รุ่น Kino",ไลฟ์สไตล์,14,30,49,63.3,47.3,65.4,"ต่ำกว่า 20฿ 4×",""
LS010,"Key Cover รุ่น Kino Cover",ไลฟ์สไตล์,14,32,49,53.1,50.2,65.4,"ต่ำกว่า 20฿ 4×",""
LS011,"ซองใส่พาสปอร์ต Passport Cover",ไลฟ์สไตล์,25.5,59,56,-5.1,50.8,48.5,"20–50฿ 2.5×",""
LS012,"Smart Grip รุ่น Flex",ไลฟ์สไตล์,60.5,105,98,-6.7,36.4,32.3,"50–300฿ 1.75×",""
LS013,"Smart Grip รุ่น Tri-fold",ไลฟ์สไตล์,73,125,119,-4.8,35.6,32.7,"50–300฿ 1.75×",""
LS014,"กล่องจัดระเบียบ DRIVEBOX",ไลฟ์สไตล์,113.5,250,185,-26,48.6,32.6,"50–300฿ 1.75×",""
LS015,"เซตหมอนรองคอและหลัง ERGOREST",ไลฟ์สไตล์,120,320,195,-39.1,56.5,32.5,"50–300฿ 1.75×",""
LS016,"ผ้าเช็ดตัว รุ่น Raku",ไลฟ์สไตล์,143.5,110,234,112.7,-36.5,32.7,"50–300฿ 1.75×",""
LS017,"เซตหมอนรองคอและหลัง Sooty",ไลฟ์สไตล์,85,320,138,-56.9,67.4,32.4,"50–300฿ 1.75×",""
LS018,"กล่องหนังใส่ทิชชู่",ไลฟ์สไตล์,45,250,99,-60.4,76,48.5,"20–50฿ 2.5×",""
LS019,"กระเป๋าใส่ทิชชู่ในรถยนต์ NOVA",ไลฟ์สไตล์,38,250,84,-66.4,78.8,48.8,"20–50฿ 2.5×",""
LS020,"ผ้าไมโครไฟเบอร์เช็ดรถ SHINEPRO",ไลฟ์สไตล์,5.949999999999999,250,21,-91.6,91.6,65.7,"ต่ำกว่า 20฿ 4×","ต้นทุน 5.95 ต่ำผิดปกติเทียบราคาเดิม 250 — จัดซื้อยืนยัน"
LS022,"กรอบรูป CASA",ไลฟ์สไตล์,37.5,250,83,-66.8,79,48.8,"20–50฿ 2.5×",""
LS023,"นาฬิกาแขวนผนัง Haven",ไลฟ์สไตล์,73.5,250,120,-52,64.6,32.7,"50–300฿ 1.75×",""
LS029,"ถังเก็บความเย็น รุ่น Arctic Tank",ไลฟ์สไตล์,192.5,250,313,25.2,17,32.5,"50–300฿ 1.75×",""
LS030,"GRIPTOK รุ่น Grip it",ไลฟ์สไตล์,24.599999999999998,250,54,-78.4,84.2,48.4,"20–50฿ 2.5×",""
LS031,"ที่วางโทรศัพท์ รุ่น Hold",ไลฟ์สไตล์,50,250,81,-67.6,74,32.3,"50–300฿ 1.75×",""
LS032,"ที่วางโทรศัพท์ รุ่น Lock",ไลฟ์สไตล์,55,250,90,-64,72,32.9,"50–300฿ 1.75×",""
LS033,"ที่วางโทรศัพท์ รุ่น Grip",ไลฟ์สไตล์,61,250,99,-60.4,69.6,32.4,"50–300฿ 1.75×",""
LS034,"ที่วางโทรศัพท์ รุ่น VentX",ไลฟ์สไตล์,111,250,181,-27.6,49.6,32.7,"50–300฿ 1.75×",""
LS035,"กล่องเก็บความเย็น รุ่น Glint",ไลฟ์สไตล์,14.5,250,51,-79.6,88.2,65.6,"ต่ำกว่า 20฿ 4×",""
LS036,"กล่องเก็บความเย็น รุ่น Polar",ไลฟ์สไตล์,11,250,39,-84.4,89.6,65.8,"ต่ำกว่า 20฿ 4×",""
LS037,"ผ้าพันคอ รุ่น",ไลฟ์สไตล์,61.5,250,100,-60,69.4,32.5,"50–300฿ 1.75×",""
LS038,"กระเป๋าหนัง รุ่น",ไลฟ์สไตล์,37.5,250,83,-66.8,79,48.8,"20–50฿ 2.5×",""
LS040,"ผ้าคลุมโต๊ะ รุ่น FlexBack",ไลฟ์สไตล์,183.1712,250,298,19.2,20.7,32.5,"50–300฿ 1.75×",""
LS043,"ถังน้ำแข็ง รุ่น",ไลฟ์สไตล์,1247.5,250,1650,560,-405,18.4,"เกิน 1,000฿ 1.35×","ต้นทุน 1,247.5 สูงผิดปกติ (ต่อลัง?) — จัดซื้อยืนยัน"
LS044,"แผ่นยางรองแก้ว รุ่น Bove",ไลฟ์สไตล์,30.25,250,67,-73.2,81.9,48.9,"20–50฿ 2.5×",""
LS045,"เก้าอี้แคมปิ้ง รุ่น Seaty",ไลฟ์สไตล์,195,250,317,26.8,16,32.5,"50–300฿ 1.75×",""
LS046,"ผ้าห่ม รุ่น Fluffy",ไลฟ์สไตล์,62.5,350,102,-70.9,76.1,32.7,"50–300฿ 1.75×",""
LS047,"หมอนผ้าห่ม รุ่น cozy",ไลฟ์สไตล์,114,330,186,-43.6,59.5,32.7,"50–300฿ 1.75×",""
PT001,"กระบอกน้ำพกพาสำหรับสัตว์เลี้ยง",สัตว์เลี้ยง,118,70,192,174.3,-74.6,32.5,"50–300฿ 1.75×",""
PT002,"ชามข้าวอเนกประสงค์ พับได้",สัตว์เลี้ยง,24.833333333333332,70,55,-21.4,58.5,48.8,"20–50฿ 2.5×",""
GM001,"Jacket รุ่น Pilot",เสื้อผ้า,280,80,456,470,-256,32.6,"50–300฿ 1.75×",""
GM002,"Jacket รุ่น Baseball",เสื้อผ้า,300,80,451,463.8,-281,27.5,"300–500฿ 1.6×",""
GM003,"Jacket รุ่น Casual",เสื้อผ้า,300,80,451,463.8,-281,27.5,"300–500฿ 1.6×",""
GM004,"เสื้อโปโล รุ่น Move it",เสื้อผ้า,185,260,301,15.8,22.8,32.5,"50–300฿ 1.75×",""
GM005,"เสื้อสูทผู้หญิง รุ่น Gooding",เสื้อผ้า,187.5,260,305,17.3,21.9,32.5,"50–300฿ 1.75×",""
GP001,"หมวก​ Gap Active",หมวก,80.5,100,131,31,13.5,32.5,"50–300฿ 1.75×",""
GP002,"หมวก​ Gap Dryrun",หมวก,91.5,100,149,49,2.5,32.6,"50–300฿ 1.75×",""